id,lab_id,Special dougallii,Colour-ring no.,Colour-ring place (Green left or Green right tarsus),year,date,country,location,First capture (Local) or retrap (R),mass,wing,head,culmen,tarsus,sex,plumage,moult_scores,origin,colony_code,colony_name,date_ringed,hy_ad,age,reporter,colony_inferred,note,recaptured_date,recaptured_place,recaptured_reporter,note
CV83001,S17,,A00,GL,2021,3/28/2021,SN,La Somone,L,96,239,81,,20.5,M,ad summer ,5555555888,,,,,,,,unknown,,,,,
CV83002,S22,,A11,GL,2021,3/28/2021,SN,La Somone,L,93,236,79.9,,20.8,M,ad summer ,5555555588,,,,,,,,unknown,,,,,
CV83003,S23,,A14,GL,2021,3/28/2021,SN,La Somone,L,98,229,73.8,,19.8,F,ad summer ,5555555888,,,,,,,,unknown,,,,,
CV83004,S25,,A22,GL,2021,3/28/2021,SN,La Somone,L,91,231,75.7,,20.1,F,ad summer ,5555555888,,,,,,,,unknown,,,,,
CV83005,S27,,A28,GL,2021,3/28/2021,SN,La Somone,L,93,244,80.4,,20.7,M,ad summer ,5555555888,,,,,,,,unknown,,,,,
CV83006,S18,,A01,GL,2021,3/29/2021,SN,La Somone,L,113,243,78.9,,21.3,F,ad summer ,5555555888,,,,,,,,AZ,,28/06/2021,"Praia Islet colony, Graciosa, Azores (Portugal)",Veronica Neves,
CV83007,S19,,A02,GL,2021,3/29/2021,SN,La Somone,L,98,235,79.3,,20.7,F,ad summer ,5555555888,,,,,,,,unknown,,,,,
CV83008,S21,,A09,GL,2021,3/29/2021,SN,La Somone,L,99,240,76.4,,21.2,F,ad summer ,5555555488,,,,,,,,unknown,,,,,
CV83009,S20,,A07,GL,2021,3/29/2021,SN,La Somone,L,94,235,77.6,,19.9,M,ad summer ,5555555588,,,,,,,,unknown,,,,,
CV83010,S28,,A32,GL,2021,3/29/2021,SN,La Somone,L,97,236,78,,20.1,F,ad summer ,5555555888,,,,,,,,unknown,,,,,
CV83011,S24,,A20,GL,2021,3/29/2021,SN,La Somone,L,91,234,80.2,,20.1,M,ad summer ,5555555888,,,,,,,,unknown,,,,,
ST22635,S04,Right : CD/35,,,2021,3/29/2021,SN,La Somone,R,96,237,76.7,,20.8,F,ad summer ,5555554888,Ireland,ROC,Rockabill,23/07/2013,HY,8,Steve Newton,ROC,,,,,
CV83012,S43,,B21,GL,2021,3/30/2021,SN,La Somone,L,103,237,81.2,,20.8,M,ad summer ,5555588888,,,,,,,,unknown,,,,,
CV83013,S56,,B84,GL,2021,3/30/2021,SN,La Somone,L,101,233,77.5,,20.6,F,ad summer ,5555555888,,,,,,,,unknown,,,,,
CV83014,S36,,A78,GL,2021,3/30/2021,SN,La Somone,L,98,236,80.6,,21.6,M,ad summer ,5555888888,,,,,,,,unknown,,,,,
CV83015,S38,,A85,GL,2021,3/30/2021,SN,La Somone,L,111,236,80.2,,21.8,M,ad summer ,5555555888,,,,,,,,unknown,,,,,
CV83016,S37,,A83,GL,2021,3/30/2021,SN,La Somone,L,100,233,76.6,,21,F,ad summer ,5555558888,,,,,,,,unknown,,,,,
CV83017,S35,,A77,GL,2021,3/30/2021,SN,La Somone,L,100,231,78.1,,21.3,F,ad summer ,5555555888,,,,,,,,AZ,,7/6/2021,"Praia Islet colony, Graciosa, Azores (Portugal)",Alba Villaroya,
CV83018,S33,,A70,GL,2021,3/31/2021,SN,La Somone,L,93,233,76.7,,20.6,F,ad summer ,5555555888,,,,,,,,unknown,,,,,
CV83019,S32,,A64,GL,2021,3/31/2021,SN,La Somone,L,97,236,77.2,,20.8,F,ad summer ,5555558888,,,,,,,,unknown,,,,,
CV83020,S30,,A48,GL,2021,3/31/2021,SN,La Somone,L,100,241,79.7,,20.9,M,ad summer ,5555555888,,,,,,,,unknown,,,,,
CV83022,S41,,A97,GL,2021,4/1/2021,SN,La Somone,L,130,241,81.8,,21.5,M,ad summer ,5555555888,,,,,,,,unknown,,,,,
CV83023,S42,,B11,GL,2021,4/1/2021,SN,La Somone,L,89,229,76.6,,21.5,F,ad summer ,5555555888,,,,,,,,unknown,,,,,
CV83049,S50,,B39,GL,2021,4/1/2021,SN,La Somone,L,95,239,77.6,,,F,ad summer ,5555555888,,,,,,,,LIL,,2/5/2021,"Inish Island colony, Lady's Island Lake (Ireland)",David Daly,
CV83063,S52,,B42,GL,2021,4/2/2021,SN,La Somone,L,102,222,81.2,,21.7,M,ad summer ,5555555888,,,,,,,,unknown,,,,,
CV83073,S48,,B35,GL,2021,4/2/2021,SN,La Somone,L,97,234,78.8,,19.7,F,ad summer ,5555558888,,,,,,,,unknown,,,,,
CV83076,S53,,B50,GL,2021,4/2/2021,SN,La Somone,L,96,235,75.9,,20.1,F,ad summer ,5555555888,,,,,,,,unknown,,,,,
CV83077,S54,,B53,GL,2021,4/2/2021,SN,La Somone,L,90,237,76.9,,19.9,F,ad summer ,5555555588,,,,,,,,unknown,,,,,
CV83080,S45,,B29,GL,2021,4/2/2021,SN,La Somone,L,89,230,75.6,,20.5,F,ad summer ,5555558888,,,,,,,,AZ,,27/04/2023,"Santo Antonio colony, Pico, Azores (Portugal)",Olivier Coucelos,Photo available
CV83081,S57,,B87,GL,2021,4/2/2021,SN,La Somone,L,104,238,81,,20.6,F,ad summer ,5555555888,,,,,,,,unknown,,,,,
CV83082,S51,,B40,GL,2021,4/2/2021,SN,La Somone,L,104,237,80.6,,21.3,M,ad summer ,5555555888,,,,,,,,unknown,,,,,
CV83097,S46,,B31,GL,2021,4/3/2021,SN,La Somone,L,103,233,75.5,,20.6,F,ad summer ,5555558888,,,,,,,,unknown,,,,,
CV83163,S01,Right : 75/CR,,,2021,4/6/2021,SN,La Somone,R,103,233,79.6,,21.3,M,ad summer ,5555555888,Ireland,ROC,Rockabill,6/7/2014,HY,7,Steve Newton,ROC,Safring placed (no national ring),,,,
M27925,S05,Left : M2/25,,,2021,4/6/2021,SN,La Somone,R,94,235,74.5,,19.5,F,ad summer ,5555588888,France,BR,"Enez Moelez / île aux Moutons, Brittany",21/06/2017,HY,4,Bernard Cadiou,BR,,,,,
CV83172,S47,,B33,GL,2021,4/7/2021,SN,La Somone,L,131,238,81.1,,21.8,M,ad summer ,5555555888,,,,,,,,unknown,,,,,
CV83190,S44,,B28,GL,2021,4/7/2021,SN,La Somone,L,101,234,80.1,,21.6,M,ad summer ,5555555848,,,,,,,,unknown,,,,,
SR07133,S06,Right : 33/S2,,,2021,4/7/2021,SN,La Somone,R,103,228,77.9,,20.1,F,ad summer ,5555555888,Ireland,ROC,Rockabill,5/7/2004,HY,17,Steve Newton,ROC,,,,,
ST04270,S07,Right : AW/70,,,2021,4/7/2021,SN,La Somone,R,127,236,79.4,,19.4,,ad summer ,5555558888,Ireland,ROC,Rockabill,13/07/2011,HY,10,Steve Newton,ROC,,,,,
CV83232,S58,,B94,GL,2021,4/8/2021,SN,La Somone,L,109,241,80.6,,19.9,F,ad summer ,5555555888,,,,,,,,unknown,,,,,
CV83241,S55,,B55,GL,2021,4/8/2021,SN,La Somone,L,103,238,78.9,,21.2,,ad summer ,5555555488,,,,,,,,LIL,,02/05/2021 & 19/05/2022,"Inish Island colony, Lady's Island Lake (Ireland)",David Daly & Edward Stubbings,
CV83277,S40,,A96,GL,2021,4/8/2021,SN,La Somone,L,102,242,83.5,,20.2,M,ad summer ,5555555588,,,,,,,,unknown,,,,,
CV83313,S02,Right : AB/KX,,,2021,4/8/2021,SN,La Somone,R,93,229,77.5,,20.1,F,ad summer ,5555558888,Ireland,ROC,Rockabill,5/7/2017,HY,4,Steve Newton,ROC,Safring placed (no national ring),,,,
CV83318,S26,,A24,GL,2021,4/8/2021,SN,La Somone,L,103,239,79.1,,21.5,F,ad summer ,5555555888,,,,,,,,unknown,,,,,
SR52821,S10,Right : 21/V7,,,2021,4/8/2021,SN,La Somone,R,92,238,78.1,,19.6,M,ad summer ,5555558888,Ireland,ROC,Rockabill,2/7/2007,HY,14,Steve Newton,ROC,,,,,
ST04243,S09,Right : AW/43,,,2021,4/8/2021,SN,La Somone,R,101,234,77.1,,20.6,F,ad summer ,5555555888,Ireland,ROC,Rockabill,13/07/2011,HY,10,Steve Newton,ROC,,,,,
ST53122,S08,Right : 22/DV,,,2021,4/8/2021,SN,La Somone,R,95,239,78.1,,19.8,M,ad summer ,5555555888,Ireland,ROC,Rockabill,24/07/2015,HY,6,Steve Newton,ROC,,,,,
CV83344,S31,,A54,GL,2021,4/9/2021,SN,La Somone,L,117,239,76.6,,20.5,F,ad summer ,5555555888,,,,,,,,LIL,,19/05/2021 + June 2023,"Inish Island colony, Lady's Island Lake (Ireland)",David Daly,
CV83345,S34,,A75,GL,2021,4/9/2021,SN,La Somone,L,109,231,77.6,,20.8,F,ad summer ,5555555588,,,,,,,,unknown,,,,,
CV83352,S39,,A94,GL,2021,4/9/2021,SN,La Somone,L,119,237,76.6,,19.4,,ad summer ,5555555888,,,,,,,,unknown,,,,,
CV83370,S49,,B38,GL,2021,4/9/2021,SN,La Somone,L,126,235,80.5,,21,M,ad summer ,5555555888,,,,,,,,unknown,,,,,
CV83400,S03,Right : AN/VJ,,,2021,4/9/2021,SN,La Somone,R,103,235,78.8,,20.1,M,ad summer ,5555555538,Ireland,ROC,Rockabill,10/7/2018,HY,3,Steve Newton,ROC,Safring placed (no national ring),,,,
CV83401,S29,,A39,GL,2021,4/9/2021,SN,La Somone,L,127,242,81.4,,20.1,M,ad summer ,5555555888,,,,,,,,unknown,,,,,
SR72297,S15,Right : 97/Y3,,,2021,4/9/2021,SN,La Somone,R,98,238,80.5,,21.3,M,ad summer ,5555558888,Ireland,ROC,Rockabill,28/06/2009,HY,12,Steve Newton,ROC,,,,,
SR78797,S12,Right : 59/P4,,,2021,4/9/2021,SN,La Somone,R,122,235,80.6,,19.5,M,ad summer ,5555555888,GB,COQ,Coquet Island,17/06/2011,HY,10,Steve Newton,COQ,,,,,
ST14532,S13,Right : 39/CA,,,2021,4/9/2021,SN,La Somone,R,98,235,76.7,,19.9,F,ad summer ,5555555888,GB,COQ,Coquet Island,13/07/2013,HY,8,Steve Newton,COQ,,,,,
ST52598,S11,Right : 98/DP,,,2021,4/9/2021,SN,La Somone,R,106,230,75.4,,20.5,F,ad summer ,5555558888,Ireland,ROC,Rockabill,11/7/2015,HY,6,Steve Newton,ROC,,,,,
ST54078,S14,Right : 78/DE,,,2021,4/9/2021,SN,La Somone,R,85,236,74,,20.9,F,ad summer ,5555558888,Ireland,LIL,Lady's Island Lake,13/06/2016,HY,5,Steve Newton,LIL,,,,,
ST19541,S16,Right : 41/BE,,,2021,4/10/2021,SN,La Somone,R,108,239,80.9,,20,M,ad summer ,5555558888,Ireland,ROC,Rockabill,4/7/2012,HY,9,Steve Newton,ROC,,,,,
CV83738,B45,,B45,GL,2022,3/29/2022,SN,La Somone,L,106,241,81.6,,,F,ad summer ,5555555888,,,,,,,,unknown,,,,,
CV83739,A55,,A55,GL,2022,3/29/2022,SN,La Somone,L,110.7,234,79.4,,,F,ad summer ,5555555488,,,,,,,,unknown,,,,,
CV83740,A45,,A45,GL,2022,3/29/2022,SN,La Somone,L,85.9,230,76.3,,,M,ad summer ,5555555888,,,,,,,,unknown,,,,,
CV83741,B43,,B43,GL,2022,3/29/2022,SN,La Somone,L,98.6,224,79.3,,,F,ad summer ,5555555888,,,,,,,,unknown,,,,,
CV83742,B51,,B51,GL,2022,3/29/2022,SN,La Somone,L,107.2,227,75.8,,,F,ad summer ,5555555588,,,,,,,,unknown,,,,,
CV83743,B95,,B95,GL,2022,3/30/2022,SN,La Somone,L,99.1,225,81.3,,,M,ad summer ,5555555888,,,,,,,,unknown,,,,,
CV83744,B12,,B12,GL,2022,3/30/2022,SN,La Somone,L,92.2,232,79,,,F,ad summer ,5555555588,,,,,,,,unknown,,,,,
CV83745,B18,,B18,GL,2022,3/31/2022,SN,La Somone,L,102.6,232,77.3,,,M,ad summer ,5555555588,,,,,,,,unknown,,,,,
CV83746,B20,,B20,GL,2022,3/31/2022,SN,La Somone,L,114.3,234,81,,,M,ad summer ,5555555888,,,,,,,,unknown,,,,,
CV83747,B80,,B80,GL,2022,3/31/2022,SN,La Somone,L,116.5,233,79.6,,,M,ad summer ,5555555888,,,,,,,,unknown,,,,,
CV83748,A99,,A99,GL,2022,3/31/2022,SN,La Somone,L,107.6,235,77.1,,,F,ad summer ,5555555588,,,,,,,,unknown,,,,,
CV83749,B00,,B00,GL,2022,3/31/2022,SN,La Somone,L,109.5,225,81.4,,,M,ad summer ,5555555588,,,,,,,,unknown,,,,,
SR94850,50CY,Right: 50/CY,,,2022,3/31/2022,SN,La Somone,R,113.3,234,76,,,F,ad summer ,5555555888,Ireland,LIL,Lady's Island Lake,20/06/2015,HY,7,Steve Newton,LIL,,,,,
CV83750,A84,,A84,GL,2022,4/1/2022,SN,La Somone,L,93,222,75.7,,,F,ad summer ,5555553888,,,,,,,,unknown,,,,,
BJ26082,B02,,B02 ,GL,2022,4/2/2022,SN,La Somone,R,98.1,225,79.6,,20.7,M,ad summer ,5555555888,Senegal,,La Somone,2/4/2019,AD,,SAFRING,unknown,,,,,
CV83751,B01,,B01,GL,2022,4/2/2022,SN,La Somone,L,112.6,232,80.7,,20.6,M,ad summer ,5555555888,,,,,,,,unknown,,,,,
BJ15599,A65,,A65,GL,2022,4/3/2022,SN,La langue de Barbarie ,R,99.7,223,76.8,,20.1,F,ad summer ,5555555888,Senegal,,La Somone,2/4/2019,AD,,SAFRING,unknown,,,,,
CV83752,B07,,B07,GL,2022,4/3/2022,SN,La langue de Barbarie ,L,106.6,227,77,,20.9,F,ad summer ,5555555488,,,,,,,,unknown,,,,,
CV83753,B08,,B08,GL,2022,4/3/2022,SN,La langue de Barbarie ,L,116,238,81.2,,20.3,F,ad summer ,5555555888,,,,,,,,unknown,,,,,
CV83754,B93,,B93,GL,2022,4/3/2022,SN,La langue de Barbarie ,L,118.4,238,81.4,,21.4,M,ad summer ,5555555888,,,,,,,,unknown,,,,,
CV83755,B99,,B99,GL,2022,4/3/2022,SN,La langue de Barbarie ,L,95.5,234,80.7,,20.4,M,ad summer ,5555555888,,,,,,,,unknown,,,,,
CV83756,A44,,A44,GL,2022,4/3/2022,SN,La langue de Barbarie ,L,96.1,232,78,,20.3,F,ad summer ,5555555888,,,,,,,,unknown,,,,,
CV83757,B41,,B41,GL,2022,4/3/2022,SN,La langue de Barbarie ,L,94.3,230,77.8,,20.8,M,ad summer ,5555555888,,,,,,,,unknown,,,,,
CV83758,A10,,A10,GL,2022,4/3/2022,SN,La langue de Barbarie ,L,91.7,231,77.2,,19.2,F,ad summer ,5555555888,,,,,,,,unknown,,,,,
Ring AC,ANBA,Left: 38/DB,A53,GR,2022,4/3/2022,SN,La langue de Barbarie ,R,101.6,230,78.1,,19.5,F,ad summer ,5555555888,Ireland,LIL,Lady's Island Lake,1/7/2014,HY,8,Steve Newton,LIL,SR94938 lost,03/05/2022 + June 2023,"Inish Island colony, Lady's Island Lake (Ireland)",Edward Stubbings,
Ring AC,A53,Right: AN/BA,B06,GL,2022,4/3/2022,SN,La langue de Barbarie ,R,120.4,230,76.7,,,F,ad summer ,5555555888,Ireland,ROC,Rockabill,4/7/2018,HY,4,Steve Newton,ROC,,23/05/2022,Rockabill (Ireland),Steve Newton,
SR94387,87BD,Left: 87/BD,,,2022,4/3/2022,SN,La langue de Barbarie ,R,118.6,238,81.4,,21.1,M,ad summer ,5555558888,Ireland,LIL,Lady's Island Lake,26/06/2013,HY,9,Steve Newton,LIL,,,,,
SR94465,65BX,Left: 65/BX,,,2022,4/3/2022,SN,La langue de Barbarie ,R,100.1,234,79.5,,20.4,M,ad summer ,5555555888,Ireland,LIL,Lady's Island Lake,17/06/2014,HY,8,Steve Newton,LIL,,,,,
CV83759,A06,,A06,GL,2022,4/4/2022,SN,La langue de Barbarie ,L,132.3,230,80.6,,21.8,M,ad summer ,5555555888,,,,,,,,unknown,,,,,
CV83760,A05,,A05,GL,2022,4/4/2022,SN,La langue de Barbarie ,L,131.7,235,76.7,,21.5,F,ad summer ,5555555888,,,,,,,,unknown,,,,,
CV83761,A08,,A08,GL,2022,4/4/2022,SN,La langue de Barbarie ,L,125.7,230,79.5,,20.8,F,ad summer ,5555888888,,,,,,,,unknown,,,,,
CV83762,A16,,A16,GL,2022,4/4/2022,SN,La langue de Barbarie ,L,110.4,239,77.2,,19.4,F,ad summer ,5555555888,,,,,,,,unknown,,,,,
CV83763,A98,,A98,GL,2022,4/4/2022,SN,La langue de Barbarie ,L,113.1,232,79.3,,20.7,M,ad summer ,5555558888,,,,,,,,unknown,,,,,
CV83764,A95,,A95,GL,2022,4/4/2022,SN,La langue de Barbarie ,L,112.5,238,76.9,,21,M,ad summer ,5555588888,,,,,,,,unknown,,,,,
CV83765,A88,,A88,GL,2022,4/4/2022,SN,La langue de Barbarie ,L,118.3,239,82.8,,21,M,ad summer ,5555555888,,,,,,,,unknown,,,,,
CV83766,B17,,B17,GL,2022,4/4/2022,SN,La langue de Barbarie ,L,118.5,234,78.6,,18.9,F,ad summer ,5555558888,,,,,,,,unknown,,,,,
CV83767,A91,,A91,GL,2022,4/4/2022,SN,La langue de Barbarie ,L,116.6,240,80.1,,21.5,M,ad summer ,5555558888,,,,,,,,unknown,,,,,
CV83768,A12,,A12,GL,2022,4/4/2022,SN,La langue de Barbarie ,L,112.7,245,78.2,,20,F,ad summer ,5555555888,,,,,,,,unknown,,,,,
CV83769,A13,,A13,GL,2022,4/4/2022,SN,La langue de Barbarie ,L,122.3,237,82.9,,20.3,M,ad summer ,5555555888,,,,,,,,unknown,,,,,
CV83770,A04,,A04,GL,2022,4/4/2022,SN,La langue de Barbarie ,L,107.5,235,78.2,,20.5,M,ad summer ,5555888888,,,,,,,,unknown,,,,,
CV83771,A68,,A68,GL,2022,4/4/2022,SN,La langue de Barbarie ,L,119.1,228,76.6,,19.6,F,ad summer ,5555888888,,,,,,,,unknown,,,,,
Ring AC,A15,Right: AH/DT,A15,GL,2022,4/4/2022,SN,La langue de Barbarie ,R,108.4,234,78.1,,19.3,M,ad summer ,5555888888,Ireland,ROC,Rockabill,15/07/2017,HY,5,Steve Newton,ROC,,April / May 2022,Rockabill (Ireland),Steve Newton,
ST52527,27DP,Right: 27/DP,,,2022,4/4/2022,SN,La langue de Barbarie ,R,96.9,235,74.3,,,F,ad summer ,5555888888,Ireland,ROC,Rockabill,11/7/2015,HY,7,Steve Newton,ROC,,,,,
ST52575,75DP,Right: 75/DP,,,2022,4/4/2022,SN,La langue de Barbarie ,R,117.1,230,78.1,,20.5,,ad summer ,5555555888,Ireland,ROC,Rockabill,11/7/2015,HY,7,Steve Newton,ROC,,,,,
CV83772,B15,,B15,GL,2022,4/5/2022,SN,La langue de Barbarie ,L,141,240,80.6,,21.2,M,ad summer ,5555558888,,,,,,,,unknown,,,,,
CV83773,B98,,B98,GL,2022,4/5/2022,SN,La langue de Barbarie ,L,127.9,240,80.1,,19.6,M,ad summer ,5555555888,,,,,,,,unknown,,,,,
CV83774,A29,,A29,GL,2022,4/5/2022,SN,La langue de Barbarie ,L,129.4,239,78.5,,20.9,M,ad summer ,5555555888,,,,,,,,unknown,,,,,
CV83775,A25,,A25,GL,2022,4/5/2022,SN,La langue de Barbarie ,L,108,232,76.6,,19.7,F,ad summer ,5555555888,,,,,,,,unknown,,,,,
CV83776,,,A24,GL,2022,4/5/2022,SN,La langue de Barbarie ,L,120.4,230,76.3,,21.5,,ad summer ,5555555888,,,,,,,,unknown,,,,,
CV83777,B72,,B72,GL,2022,4/5/2022,SN,La langue de Barbarie ,L,113.3,231,76.8,,20.1,F,ad summer ,5555558888,,,,,,,,unknown,,,,,
Ring AC,B04,Right: 41/BN,B04,GL,2022,4/5/2022,SN,La langue de Barbarie ,R,116.6,244,81.1,,20.3,M,ad summer ,5555558888,Ireland,ROC,Rockabill,25/07/2012,HY,10,Steve Newton,ROC,ST20341 lost,,,,
SR55316,16V4,Left: 16/V4,,,2022,4/5/2022,SN,La langue de Barbarie ,R,111.9,232,82.5,,21.2,M,ad summer ,5555555888,Ireland,LIL,Lady's Island Lake,11/6/2008,HY,14,Steve Newton,LIL,,,,,
ST05776,76BA,Right: 76/BA,,,2022,4/5/2022,SN,La langue de Barbarie ,R,104.9,240,80,,19.9,M,ad summer ,5555555888,Ireland,ROC,Rockabill,18/06/2012,HY,10,Steve Newton,ROC,Trapped at La Somone in 2018,,,,
ST20855,55BL,Right: 55/BL,,,2022,4/5/2022,SN,La langue de Barbarie ,R,99.9,238,77.9,,20.4,F,ad summer ,5555555888,Ireland,ROC,Rockabill,13/07/2012,HY,10,Steve Newton,ROC,,,,,
ST22077,77BS,Right: 77/BS,,,2022,4/5/2022,SN,La langue de Barbarie ,R,112.6,237,79.2,,17.9,F,ad summer ,5555555888,Ireland,ROC,Rockabill,16/07/2013,HY,9,Steve Newton,ROC,,,,,
CV83778,B74,,B74,GL,2022,4/6/2022,SN,La langue de Barbarie ,L,117.7,231,75,,21,F,ad summer ,5555555888,,,,,,,,unknown,,,,,
CV83779,B03,,B03,GL,2022,4/6/2022,SN,La langue de Barbarie ,L,119.9,232,77.9,,21.7,F,ad summer ,5555555888,,,,,,,,unknown,,,,,
CV83780,A19,,A19,GL,2022,4/6/2022,SN,La langue de Barbarie ,L,124.5,235,79.6,,20.4,M,ad summer ,5555555888,,,,,,,,unknown,,,,,
CV83781,A46,,A46,GL,2022,4/6/2022,SN,La langue de Barbarie ,L,109.4,234,79.2,,21.9,M,ad summer ,5555555888,,,,,,,,unknown,,,,,
CV83782,A49,,A49,GL,2022,4/6/2022,SN,La langue de Barbarie ,L,118.4,235,79.4,,21.1,M,ad summer ,5555555888,,,,,,,,unknown,,,,,
CV83783,A47,,A47,GL,2022,4/6/2022,SN,La langue de Barbarie ,L,118,241,81.7,,20.2,M,ad summer ,5555888888,,,,,,,,ROC,,23/05/2022 + June 2023,Rockabill (Ireland),Steve Newton,
CV83784,B68,,B68,GL,2022,4/6/2022,SN,La langue de Barbarie ,L,106.3,235,76.1,,19.5,F,ad summer ,5555558888,,,,,,,,ROC,,25/05/2022 + June 2023,Rockabill (Ireland),Steve Newton,
CV83785,B73,,B73,GL,2022,4/6/2022,SN,La langue de Barbarie ,L,99.5,245,76.9,,20.9,F,ad summer ,5555555888,,,,,,,,unknown,,,,,
CV83786,A69,,A69,GL,2022,4/6/2022,SN,La langue de Barbarie ,L,105.8,242,82.5,,19.4,M,ad summer ,5555555588,,,,,,,,unknown,,,,,
CV83787,A71,,A71,GL,2022,4/6/2022,SN,La langue de Barbarie ,L,93.8,236,76.4,,20.9,F,ad summer ,5555555888,,,,,,,,unknown,,,,,
CV83788,B61,,B61,GL,2022,4/6/2022,SN,La langue de Barbarie ,L,101.3,233,76.4,,21.4,F,ad summer ,5555555888,,,,,,,,AZ,,26/05/2022,"Praia Islet colony, Graciosa, Azores (Portugal)",Veronica Neves,
G016184,B76,,B76,GL,2022,4/6/2022,SN,La langue de Barbarie ,R,113.8,233,78.5,,19.6,F,ad summer ,5555555888,Azores,AZ,Praia Islet (Graciosa),10/7/2015,HY,7,Veronica Neves,AZ,,,,,
Ring AC,A21,Left: 12/V3,A21,GR,2022,4/6/2022,SN,La langue de Barbarie ,R,102.2,242,79,,21.4,F,ad summer ,5555558888,Ireland,LIL,Lady's Island Lake,9/6/2007,HY,15,Steve Newton,LIL,SR55112 lost,11/05/2022 + June 2023,"Inish Island colony, Lady's Island Lake (Ireland)",Edward Stubbings,
Ring AC,A62,Right: 90/V6,A62,GL,2022,4/6/2022,SN,La langue de Barbarie ,R,100.5,235,78.4,,22.1,F,ad summer ,5488888888,Ireland,ROC,Rockabill,1/7/2007,HY,15,Steve Newton,ROC,SR52690 lost,,,,
Ring AC,B91,Right: AD/NZ,B91,GL,2022,4/6/2022,SN,La langue de Barbarie ,R,117.8,240,77.5,,20.5,M,ad summer ,5555555888,Ireland,ROC,Rockabill,5/7/2017,HY,5,Steve Newton,ROC,,,,,
SR55757,57X0,Right: 57/X0,,,2022,4/6/2022,SN,La langue de Barbarie ,R,98.3,232,74.9,,20.1,F,ad summer ,5555555888,Ireland,LIL,Lady's Island Lake,9/6/2010,HY,12,Steve Newton,LIL,,,,,
SR94874,74CY,Right: 74/CY,,,2022,4/6/2022,SN,La langue de Barbarie ,R,113.5,231,77,,20.3,F,ad summer ,5588888888,Ireland,LIL,Lady's Island Lake,23/06/2015,HY,7,Steve Newton,LIL,,,,,
ST04435,AX35,Right: AX/35,,,2022,4/6/2022,SN,La langue de Barbarie ,R,105.3,230,76.5,,20.2,F,ad summer ,5555555888,Ireland,ROC,Rockabill,13/07/2011,HY,11,Steve Newton,ROC,,,,,
ST20556,56BH,Right: 56/BH,,,2022,4/6/2022,SN,La langue de Barbarie ,R,95.7,230,76.4,,20,F,ad summer ,5555555888,Ireland,ROC,Rockabill,9/7/2012,HY,10,Steve Newton,ROC,,,,,
ST21731,31BW,Right: 31/BW,,,2022,4/6/2022,SN,La langue de Barbarie ,R,111.5,232,77.5,,21.4,F,ad summer ,5555588888,Ireland,ROC,Rockabill,20/07/2013,HY,9,Steve Newton,ROC,,,,,
ST22337,37BU,Right: 37/BU,,,2022,4/6/2022,SN,La langue de Barbarie ,R,117.4,235,77.5,,20.7,F,ad summer ,5555555888,Ireland,ROC,Rockabill,20/07/2013,HY,9,Steve Newton,ROC,,,,,
SV91192,92F5,Right: 92/F5,,,2022,4/6/2022,SN,La langue de Barbarie ,R,109.6,230,80.9,,21,M,ad summer ,5555558888,Ireland,ROC,Rockabill,8/7/2003,HY,19,Steve Newton,ROC,,,,,
BJ15542,A36,,A36,GL,2022,4/7/2022,SN,La langue de Barbarie ,R,110.3,235,82,,20.8,M,ad summer ,5555555888,Senegal,,La Somone,1/4/2019,AD,,SAFRING,unknown,,,,,
CV83789,,,A43,GL,2022,4/7/2022,SN,La langue de Barbarie ,L,116.2,231,77.2,,19.6,,ad summer ,5555555888,,,,,,,,unknown,,,,,
CV83790,A52,,A52,GL,2022,4/7/2022,SN,La langue de Barbarie ,L,108.5,237,80.1,,20.9,M,ad summer ,5555558888,,,,,,,,unknown,,,,,
CV83791,A72,,A72,GL,2022,4/7/2022,SN,La langue de Barbarie ,L,99.9,241,80.4,,20.5,F,ad summer ,5555555888,,,,,,,,unknown,,,,,
CV83792,A79,,A79,GL,2022,4/7/2022,SN,La langue de Barbarie ,L,107.8,238,77.5,,21.2,F,ad summer ,5555555888,,,,,,,,unknown,,,,,
CV83793,A76,,A76,GL,2022,4/7/2022,SN,La langue de Barbarie ,L,108.1,238,78.6,,19.5,F,ad summer ,5555588888,,,,,,,,ROC,,April / May 2022 + June 2023,Rockabill (Ireland),Steve Newton,
CV83794,A81,,A81,GL,2022,4/7/2022,SN,La langue de Barbarie ,L,95.7,230,74.9,,19.5,F,ad summer ,5555555888,,,,,,,,unknown,,,,,
CV83795,A87,,A87,GL,2022,4/7/2022,SN,La langue de Barbarie ,L,108.7,234,83.1,,20.3,M,ad summer ,5555555488,,,,,,,,unknown,,,,,
CV83796,A34,,A34,GL,2022,4/7/2022,SN,La langue de Barbarie ,L,107.6,232,75.5,,22,F,ad summer ,5555555888,,,,,,,,ROC,,April / May 2022,Rockabill (Ireland),Steve Newton,
CV83797,A89,,A89,GL,2022,4/7/2022,SN,La langue de Barbarie ,L,104.5,234,75.8,,21.1,F,ad summer ,5555555888,,,,,,,,unknown,,,,,
CV83798,A51,,A51,GL,2022,4/7/2022,SN,La langue de Barbarie ,L,113,237,82.3,,20.7,M,ad summer ,5555555888,,,,,,,,unknown,,,,,
G013460,A82,,A82,GL,2022,4/7/2022,SN,La langue de Barbarie ,R,105.5,235,78.4,,18.6,F,ad summer ,5555888888,Azores,AZ,Praia Islet (Graciosa),12/6/2011,AD,,Veronica Neves,AZ,,,,,
Ring AC,A80,Left: AC/12,A80,GR,2022,4/7/2022,SN,La langue de Barbarie ,R,110.6,240,79.5,,19.8,M,ad summer ,5555555888,Ireland,LIL,Lady's Island Lake,18/06/2010,HY,12,Steve Newton,LIL,SR94012 lost,30/04/2022,"Inish Island colony, Lady's Island Lake (Ireland)",Edward Stubbings,
SR94500,00BX,Left: 00/BX,,,2022,4/7/2022,SN,La langue de Barbarie ,R,107.1,238,83,,20.1,F,ad summer ,5555555888,Ireland,LIL,Lady's Island Lake,26/06/2014,HY,8,Steve Newton,LIL,,,,,
ST05382,AZ82,Right: AZ/82,,,2022,4/7/2022,SN,La langue de Barbarie ,R,111.1,235,78.5,,20.1,F,ad summer ,5555555888,Ireland,ROC,Rockabill,3/8/2011,HY,11,Steve Newton,ROC,,,,,
ST19528,28BE,Right: 28/BE,,,2022,4/7/2022,SN,La langue de Barbarie ,R,105.3,236,77.4,,21.6,F,ad summer ,5555558888,Ireland,ROC,Rockabill,4/7/2012,HY,10,Steve Newton,ROC,,,,,
ST25066,66DD,Right: 66/DD,,,2022,4/7/2022,SN,La langue de Barbarie ,R,129.3,241,79.8,,20.4,M,ad summer ,5555558888,Ireland,ROC,Rockabill,28/06/2015,HY,7,Steve Newton,ROC,,,,,
ST25456,56DF,Right: 56/DF,,,2022,4/7/2022,SN,La langue de Barbarie ,R,112.2,239,83.6,,20.7,M,ad summer ,5555553888,Ireland,ROC,Rockabill,27/06/2015,HY,7,Steve Newton,ROC,,,,,
CV83501,B96,,B96,GL,2022,4/8/2022,SN,La langue de Barbarie ,L,117.1,240,81.2,,20.3,M,ad summer ,5555555588,,,,,,,,unknown,,,,,
CV83502,B13,,B13,GL,2022,4/8/2022,SN,La langue de Barbarie ,L,115.4,240,80.4,,21.7,F,ad summer ,5555555888,,,,,,,,unknown,,,,,
CV83503,B14,,B14,GL,2022,4/8/2022,SN,La langue de Barbarie ,L,107.8,230,78.5,,20,F,ad summer ,5555555888,,,,,,,,unknown,,,,,
CV83504,B16,,B16,GL,2022,4/8/2022,SN,La langue de Barbarie ,L,109.3,232,78.6,,20.9,F,ad summer ,5555555888,,,,,,,,unknown,,,,,
CV83505,B19,,B19,GL,2022,4/8/2022,SN,La langue de Barbarie ,L,104,239,75.3,,19.5,F,ad summer ,5555555888,,,,,,,,unknown,,,,,
CV83506,B22,,B22,GL,2022,4/8/2022,SN,La langue de Barbarie ,L,120.2,243,82.1,,20.8,M,ad summer ,5555555888,,,,,,,,unknown,,,,,
CV83507,B23,,B23,GL,2022,4/8/2022,SN,La langue de Barbarie ,L,107.8,230,74.7,,19.2,F,ad summer ,5555555888,,,,,,,,unknown,,,,,
CV83508,B24,,B24,GL,2022,4/8/2022,SN,La langue de Barbarie ,L,108.4,239,80.9,,19.9,F,ad summer ,5555555888,,,,,,,,unknown,,,,,
CV83509,B26,,B26,GL,2022,4/8/2022,SN,La langue de Barbarie ,L,114.8,240,79.5,,21,M,ad summer ,5555555888,,,,,,,,unknown,,,,,
CV83510,B25,,B25,GL,2022,4/8/2022,SN,La langue de Barbarie ,L,108.2,241,80.4,,20.5,M,ad summer ,5555555588,,,,,,,,unknown,,,,,
CV83511,B97,,B97,GL,2022,4/8/2022,SN,La langue de Barbarie ,L,111.7,230,77.8,,20.2,F,ad summer ,5555555888,,,,,,,,unknown,,,,,
CV83512,B27,,B27,GL,2022,4/8/2022,SN,La langue de Barbarie ,L,113.5,232,81.1,,20.1,M,ad summer ,5555555888,,,,,,,,unknown,,,,,
CV83513,B30,,B30,GL,2022,4/8/2022,SN,La langue de Barbarie ,L,102.4,241,80.4,,20.7,M,ad summer ,5555555888,,,,,,,,unknown,,,,,
CV83514,B05,,B05,GL,2022,4/8/2022,SN,La langue de Barbarie ,L,117.3,232,76.5,,21.4,F,ad summer ,5555555588,,,,,,,,unknown,,,,,
CV83515,B32,,B32,GL,2022,4/8/2022,SN,La langue de Barbarie ,L,114.9,236,80.4,,20.8,M,ad summer ,5555555588,,,,,,,,BR,,13/06/2022,"Île aux Moutons, Brittany (France)",Bernard Cadiou,Seen only once outside the breeding area
CV83516,B86,,B86,GL,2022,4/8/2022,SN,La langue de Barbarie ,L,113.4,234,78.1,,21.4,M,ad summer ,5555555888,,,,,,,,unknown,,,,,
CV83517,A31,,A31,GL,2022,4/8/2022,SN,La langue de Barbarie ,L,105.7,234,78,,21.4,F,ad summer ,5555555888,,,,,,,,unknown,,,,,
CV83518,B70,,B70,GL,2022,4/8/2022,SN,La langue de Barbarie ,L,111.4,238,79.8,,20.5,M,ad summer ,5555555888,,,,,,,,AZ,,13/05/2022,"Santo Antonio colony, Pico, Azores (Portugal)",Olivier Coucelos,
CV83519,B47,,B47,GL,2022,4/8/2022,SN,La langue de Barbarie ,L,107.6,235,77.8,,19.9,F,ad summer ,5555555588,,,,,,,,unknown,,,,,
CV83520,A30,,A30,GL,2022,4/8/2022,SN,La langue de Barbarie ,L,109.4,243,81.9,,20,M,ad summer ,5555555888,,,,,,,,unknown,,,,,
CV83521,B56,,B56,GL,2022,4/8/2022,SN,La langue de Barbarie ,L,102,237,77.5,,20.1,F,ad summer ,5555555888,,,,,,,,ROC,,April / May 2022,Rockabill (Ireland),Steve Newton,
CV83522,B49,,B49,GL,2022,4/8/2022,SN,La langue de Barbarie ,L,110.1,239,81.2,,20.3,M,ad summer ,5555555888,,,,,,,,unknown,,,,,
CV83799,A18,,A18,GL,2022,4/8/2022,SN,La langue de Barbarie ,L,102.9,235,75,,19,F,ad summer ,5555555588,,,,,,,,unknown,,,,,
CV83800,B09,,B09,GL,2022,4/8/2022,SN,La langue de Barbarie ,L,118.8,232,75.4,,20.3,F,ad summer ,5555555888,,,,,,,,unknown,,,,,
Ring AC,B48,Left: 82/F8,B48,GR,2022,4/8/2022,SN,La langue de Barbarie ,R,94.6,232,75.8,,19,F,ad summer ,5555555888,Ireland,ROC,Rockabill,9/7/2003,HY,19,Steve Newton,ROC,SV91582 lost,(June 2023),Inish Island (Lady's Island Lake),Edward Stubbings,
Ring AC,B90,Right: AK/45,B90,GL,2022,4/8/2022,SN,La langue de Barbarie ,R,101.5,232,76.4,,18.8,F,ad summer ,5555558888,Ireland,ROC,Rockabill,12/7/2010,HY,12,Steve Newton,ROC,SR93545 lost,(June 2023),Rockabill (Ireland),Steve Newton,
Ring AC,B52,Right: 77/BE,B52,GL,2022,4/8/2022,SN,La langue de Barbarie ,R,89.5,229,73.6,,18.6,F,ad summer ,5555555888,Ireland,ROC,Rockabill,7/7/2012,HY,10,Steve Newton,ROC,ST19577 lost,,,,
Ring AC,A27,Right: AB/JZ,A27,GL,2022,4/8/2022,SN,La langue de Barbarie ,R,117.6,236,75.1,,19.8,F,ad summer ,5555555888,Ireland,ROC,Rockabill,3/7/2017,HY,5,Steve Newton,ROC,,,,,
Ring AC,B10,Right: AY/JK,B10,GL,2022,4/8/2022,SN,La langue de Barbarie ,R,116.9,242,78.6,,21.2,F,ad summer ,5555558888,Ireland,ROC,Rockabill,11/7/2018,HY,4,Steve Newton,ROC,,,,,
Ring AC,B58,Right: BC/YD,B58,GL,2022,4/8/2022,SN,La langue de Barbarie ,R,95,229,75.6,,20.4,F,ad summer ,5555558888,Ireland,ROC,Rockabill,1/7/2019,HY,3,Steve Newton,ROC,,23/05/2023,"Figuera da Foz, Portugal",Luis Silva,Photo available
SR40320,20F3,Right: 20/F3,,,2022,4/8/2022,SN,La langue de Barbarie ,R,116.4,241,81,,21.5,F,ad summer ,5555555888,Ireland,ROC,Rockabill,16/06/2006,HY,16,Steve Newton,ROC,,,,,
SR41601,01T2,Right: 01/T2,,,2022,4/8/2022,SN,La langue de Barbarie ,R,113.2,243,80.2,,21.2,F,ad summer ,5555555888,Ireland,ROC,Rockabill,28/06/2006,HY,16,Steve Newton,ROC,,,,,
SR41763,63T3,Right: 63/T3,,,2022,4/8/2022,SN,La langue de Barbarie ,R,116.4,237,80.4,,20.5,M,ad summer ,5555555888,Ireland,ROC,Rockabill,28/06/2006,HY,16,Steve Newton,ROC,Trapped at La Somone in 2013,,,,
SR41776,76T3,Right: 76/T3,,,2022,4/8/2022,SN,La langue de Barbarie ,R,111.6,238,83.4,,21.4,F,ad summer ,5555555888,Ireland,ROC,Rockabill,28/06/2006,HY,16,Steve Newton,ROC,,,,,
SR92767,67F5,Right: 67/F5,,,2022,4/8/2022,SN,La langue de Barbarie ,R,114.6,239,80.6,,21.4,M,ad summer ,5555555888,Ireland,ROC,Rockabill,1/7/2010,HY,12,Steve Newton,ROC,,,,,
SR93251,AF51,Right: AF/51,,,2022,4/8/2022,SN,La langue de Barbarie ,R,102.8,235,75.7,,20.1,F,ad summer ,5555555888,Ireland,ROC,Rockabill,6/7/2010,HY,12,Steve Newton,ROC,,,,,
SR94901,01DB,Left: 01/DB,,,2022,4/8/2022,SN,La langue de Barbarie ,R,104.5,238,80.3,,21.9,F,ad summer ,5555555888,Ireland,LIL,Lady's Island Lake,26/06/2014,HY,8,Steve Newton,LIL,,,,,
ST05705,05BA,Right: 05/BA,,,2022,4/8/2022,SN,La langue de Barbarie ,R,109.4,231,76.3,,20.6,F,ad summer ,5555555888,Ireland,ROC,Rockabill,13/06/2012,HY,10,Steve Newton,ROC,,,,,
ST14864,69DC,Right: 69/DC,,,2022,4/8/2022,SN,La langue de Barbarie ,R,96.8,236,76.8,,20.4,F,ad summer ,5555555888,Ireland,LIL,Lady's Island Lake,18/06/2015,HY,7,Steve Newton,LIL,,,,,
ST19530,30BE,Right: 30/BE,,,2022,4/8/2022,SN,La langue de Barbarie ,R,104.1,235,77.8,,20.2,F,ad summer ,5555555888,Ireland,ROC,Rockabill,4/7/2012,HY,10,Steve Newton,ROC,,,,,
ST19740,40BF,Right: 40/BF,,,2022,4/8/2022,SN,La langue de Barbarie ,R,112.2,238,76.9,,20.7,F,ad summer ,5555555888,Ireland,ROC,Rockabill,4/7/2012,HY,10,Steve Newton,ROC,,,,,
ST22054,54BS,Right: 54/BS,,,2022,4/8/2022,SN,La langue de Barbarie ,R,109.8,240,79.1,,19.5,F,ad summer ,5555555888,Ireland,ROC,Rockabill,16/07/2013,HY,9,Steve Newton,ROC,,,,,
ST25787,87DJ,Right: 87/DJ,,,2022,4/8/2022,SN,La langue de Barbarie ,R,107.6,233,77.6,,21.3,F,ad summer ,5555558888,Ireland,ROC,Rockabill,12/7/2015,HY,7,Steve Newton,ROC,,,,,
ST54186,86F8,Right: 86/F8,,,2022,4/8/2022,SN,La langue de Barbarie ,R,120.2,238,79.2,,19,M,ad summer ,5555555888,Ireland,LIL,Lady's Island Lake,6/6/2017,HY,5,Steve Newton,LIL,,,,,
ST54277,77F9,Left: 77/F9,,,2022,4/8/2022,SN,La langue de Barbarie ,R,105.9,238,77.9,,19.6,F,ad summer ,5555555888,Ireland,LIL,Lady's Island Lake,20/06/2016,HY,6,Steve Newton,LIL,,,,,
ST54687,87DX,Left: 87/DX,,,2022,4/8/2022,SN,La langue de Barbarie ,R,115.9,240,81.2,,21,M,ad summer ,5555555888,Ireland,LIL,Lady's Island Lake,15/06/2018,HY,4,Steve Newton,LIL,,,,,
CV83523,B67,,B67,GL,2022,4/11/2022,SN,La Somone,L,94.5,235,79.8,,19.6,F,ad summer ,5555555888,,,,,,,,unknown,,,,,
CV83524,B65,,B65,GL,2022,4/11/2022,SN,La Somone,L,95.9,247,77.3,,20.3,F,ad summer ,5555555888,,,,,,,,ROC,,(June 2023),Rockabill (Ireland),Steve Newton,
CV83525,B66,,B66,GL,2022,4/11/2022,SN,La Somone,L,93.9,235,75.4,,21.3,F,ad summer ,5555558888,,,,,,,,unknown,,,,,
Ring AC,A58,Right: AC/CX,A58,GL,2022,4/11/2022,SN,La Somone,R,95.3,239,77.5,,20,F,ad summer ,5555558888,Ireland,ROC,Rockabill,1/7/2017,HY,5,Steve Newton,ROC,,(June 2023),Rockabill (Ireland),Steve Newton,
ST03658,AT58,Right: AT/58,,,2022,4/11/2022,SN,La Somone,R,93.9,235,79.1,,20.8,M,ad summer ,5555555888,Ireland,ROC,Rockabill,12/7/2011,HY,11,Steve Newton,ROC,,,,,
ST19760,60BF,Right: 60/BF,,,2022,4/11/2022,SN,La Somone,R,100.7,237,78.6,,20.7,M,ad summer ,5555558888,Ireland,ROC,Rockabill,7/7/2012,HY,10,Steve Newton,ROC,,,,,
CV83526,A61,,A61,GL,2022,4/13/2022,SN,La Somone,L,86.1,231,74,,19.5,F,ad summer ,5555555888,,,,,,,,unknown,,,,,
SR73435,35X2,Right: 35/X2,,,2022,4/14/2022,SN,La Somone,R,95.4,236,77.6,,20.8,F,ad summer ,5555558888,Ireland,ROC,Rockabill,7/7/2009,HY,13,Steve Newton,ROC,,,,,
SR93138,AE38,Right: AE/38,,,2022,4/14/2022,SN,La Somone,R,96.9,245,77.5,,21.9,M,ad summer ,5555555888,Ireland,ROC,Rockabill,6/7/2010,HY,12,Steve Newton,ROC,,,,,
CV83527,B62,,B62,GL,2022,4/17/2022,SN,La Somone,L,82.5,234,79.3,,21.6,M,ad summer ,5555558888,,,,,,,,unknown,,,,,
Ring AC,B63,Right: 9D/84,,,2022,4/17/2022,SN,La Somone,R,96.5,237,83.2,,21.6,F,ad summer ,5555555888,Ireland,ROC,Rockabill,16/07/2002,HY,20,Steve Newton,ROC,SV80984 lost,,,,
Ring AC,9D84,Right: 17/CM,B63,GL,2022,4/17/2022,SN,La Somone,R,92.3,236,83.5,,21.9,M,ad summer ,5555554888,Ireland,ROC,Rockabill,3/7/2014,HY,8,Steve Newton,ROC,,April / May 2022,Rockabill (Ireland),Steve Newton,
ST21862,CB62,Right: CB/62,,,2022,4/17/2022,SN,La Somone,R,92.2,234,80.2,,20.5,M,ad summer ,5555555888,Ireland,ROC,Rockabill,22/07/2013,HY,9,Steve Newton,ROC,,,,,
CV83598,23-01,,E86,GL,2023,4/2/2023,SN,La langue de Barbarie,L,127.18,238,81.8,,20.8,M,,5555555588,,,,,,,,unknown,,,,,
CV83801,23-02,,E93,GL,2023,4/3/2023,SN,La langue de Barbarie,L,122.22,237,79.3,,21.7,F,,5555555888,,,,,,,,unknown,,,,,
CV83802,23-03,,E46,GL,2023,4/3/2023,SN,La langue de Barbarie,L,106.43,245,80.1,,21.4,M,,5555555888,,,,,,,,unknown,,,,,
CV83803,23-04,,E48,GL,2023,4/3/2023,SN,La langue de Barbarie,L,104.33,228,79.5,,20.9,M,,5588888888,,,,,,,,unknown,,,,,
CV83813,23-05,,E03,GL,2023,4/9/2023,SN,La Somone,L,112.02,246,80.1,,21.5,M,,5555555888,,,,,,,,unknown,,,,,
CV83600,23-06,,E10,GL,2023,4/3/2023,SN,La langue de Barbarie,L,124.82,238,77.4,,21.3,F,,5555555888,,,,,,,,ROC,,6/5/2023,Rockabill (Ireland),Steve Newton,
ST22399,23-07,Right: 99/BU,,,2023,4/9/2023,SN,La Somone,R,101.38,241,79,,20.5,F,,5555555888,Ireland,ROC,Rockabill,20/07/2013,HY,10,Steve Newton,ROC,,,,,
Ring AC,23-08,Right: 32/X1,E70,GL,2023,4/3/2023,SN,La langue de Barbarie,R,92.31,235,92.31,,21.1,F,,5555558888,Ireland,ROC,Rockabill,6/7/2009,HY,14,Steve Newton,ROC,,(June 2023),Rockabill,Steve Newton,
ST76859,23-09,Right: N1/59,,,2023,4/3/2023,SN,La langue de Barbarie,R,119,237,76.7,,20.5,F,,5555555888,Ireland,ROC,Rockabill,6/7/2016,HY,7,Steve Newton,ROC,,,,,
ST52174,23-10,Right: 74/DM,,,2023,4/4/2023,SN,La langue de Barbarie,R,107.52,233,77.1,,21.4,F,,5555558888,Ireland,ROC,Rockabill,2/7/2015,HY,8,Steve Newton,ROC,,,,,
ST76913,23-11,Right: L8/13,,,2023,4/6/2023,SN,La langue de Barbarie,R,116.09,239,80.3,,22.1,M,,5555888888,Ireland,ROC,Rockabill,6/7/2016,HY,7,Steve Newton,ROC,,,,,
SR93098,23-12,Right: 98/F7,,,2023,4/6/2023,SN,La langue de Barbarie,R,121.89,237,78.2,,20.8,F,,5555555888,Ireland,ROC,Rockabill,3/7/2010,HY,13,Steve Newton,ROC,,,,,
CV83812,23-13,,E02,GL,2023,4/7/2023,SN,La Somone,L,97.2,227,75.2,,19.4,F,,5555548888,,,,,,,,unknown,,,,,
Ring AC,23-14,Right: BZ/XY,E91,GL,2023,4/7/2023,SN,La Somone,R,105.22,225,76.3,,20.5,F,,5555558888,Ireland,ROC,Rockabill,29/06/2021,HY,2,Steve Newton,ROC,,,,,
SR55616,23-15,Right: AD/16,,,2023,4/7/2023,SN,La Somone,R,97.11,229,78.6,,21.3,F,,5555555888,Ireland,LIL,Lady's Island Lake,3/6/2011,HY,12,Steve Newton,LIL,,,,,
ST20982,23-16,Right: 82/BM,,,2023,4/8/2023,SN,La Somone,R,97.41,234,78.5,,20.5,F,,5555888888,Ireland,ROC,Rockabill,13/07/2012,HY,11,Steve Newton,ROC,,,,,
Ring AC,23-17,Right: BE/JD,E26,GL,2023,4/8/2023,SN,La Somone,R,105.23,235,78.1,,20.4,F,,5555555888,Ireland,ROC,Rockabill,2/7/2019,HY,4,Steve Newton,ROC,,,,,
Ring AC,23-18,Right: BH/BV,E31,GL,2023,4/8/2023,SN,La Somone,R,108.1,234,78,,21.6,F,,5555555888,Ireland,ROC,Rockabill,2/7/2019,HY,4,Steve Newton,ROC,,,,,
Ring AC,23-19,Right: BV/CX,E52,GL,2023,4/8/2023,SN,La Somone,R,107.53,232,79.1,,22.1,M,,5555558888,Ireland,ROC,Rockabill,18/06/2021,HY,2,Steve Newton,ROC,,,,,
ST22563,23-20,Right: 63/BV,,,2023,4/8/2023,SN,La Somone,R,102.08,234,81.4,,22.7,F,,5555555888,Ireland,ROC,Rockabill,21/07/2013,HY,10,Steve Newton,ROC,,,,,
SR38535,23-21,Right: 35/R7,,,2023,4/8/2023,SN,La Somone,R,90.6,230,78.9,,20.6,F,,5555558888,Ireland,ROC,Rockabill,1/7/2005,HY,18,Steve Newton,ROC,,,,,
CV83814,23-22,,E18,GL,2023,4/9/2023,SN,La Somone,L,94.2,240,78.5,,21.3,F,,5555555888,,,,,,,,unknown,,,,,
ST52396,23-23,Right: 96/DN,,,2023,4/10/2023,SN,La Somone,R,93.46,237,78.3,,,F,,5555555888,Ireland,ROC,Rockabill,11/7/2015,HY,8,Steve Newton,ROC,,,,,
SR00709,23-24,Right: 09/P7,,,2023,4/10/2023,SN,La Somone,R,93.31,233,78.8,,,M,,5555555888,Ireland,ROC,Rockabill,16/07/2003,HY,20,Steve Newton,ROC,,,,,
ST76595,23-25,Right: L9/95,,,2023,4/10/2023,SN,La Somone,R,95.25,235,75.8,,,F,,5555555888,Ireland,ROC,Rockabill,5/7/2016,HY,7,Steve Newton,ROC,,,,,
Ring AC,23-26,Left: O2/ED,E87,GR,2023,4/11/2023,SN,La Somone,R,99.37,232,83.2,,,M,,5555555888,Ireland,LIL,Lady's Island Lake,18/06/2018,HY,5,Steve Newton,LIL,,(June 2023),Inish Island (Lady's Island Lake),Edward Stubbings,
No ring,23-27,Right: 89/T8,,,2023,4/11/2023,SN,La Somone,R,110.85,234,80.7,,,M,,5555558888,Ireland,ROC,Rockabill,13/06/2007,HY,16,Steve Newton,ROC,Left foot missing with SR52089 lost; PCR test H5N1 positive ,,,,
CV83815,23-28,,E82,GL,2023,4/11/2023,SN,La Somone,L,91.05,237,77.6,,,F,,5555555888,,,,,,,,unknown,,,,,
CV83816,23-29,,E85,GL,2023,4/11/2023,SN,La Somone,L,104.1,239,78.4,,,M,,5555555888,,,,,,,,unknown,,,,,
CV83817,23-30,,E88,GL,2023,4/11/2023,SN,La Somone,L,110.33,231,77.4,,,M,,5555555888,,,,,,,,unknown,,,,,
ST19514,23-31,Right: 14/BE,,,2023,4/12/2023,SN,La Somone,R,101.48,239,77.8,,,F,,5555555888,Ireland,ROC,Rockabill,4/7/2012,HY,11,Steve Newton,ROC,,,,,
SR05962,23-32,,E42,GR,2023,4/12/2023,SN,La Somone,R,100.48,239,82.5,,,M,,5555558888,Ireland,ROC,Rockabill,19/06/2006,HY,17,Steve Newton,ROC,,,,,
CV83818,23-33,,E67,GL,2023,4/12/2023,SN,La Somone,L,95.35,232,75.2,,,F,,5555558888,,,,,,,,unknown,,,,,
CV83529,,,B81,GL,2023,3/23/2023,SN,La Somone,L,106.2,233,78.4,,20.48,,,5555558888,,,,,,,,unknown,,,,,
CV83530,,,B71,GL,2023,3/23/2023,SN,La Somone,L,105.6,242,79.6,,21.19,,,5555555888,,,,,,,,unknown,,,,,
CV83531,,,B77,GL,2023,3/24/2023,SN,La Somone,L,99,233,81.2,,22.7,,,888,,,,,,,,unknown,,,,,
CV83532,,,B75,GL,2023,3/24/2023,SN,La Somone,L,100,232,80.4,,20.8,,,888,,,,,,,,unknown,,,,,
CV83533,,,B69,GL,2023,3/24/2023,SN,La Somone,L,94,229,76.9,,20.9,,,888,,,,,,,,unknown,,,,,
CV83534,,,A33,GL,2023,3/25/2023,SN,La Somone,L,91.33,232,76.9,,21,,,888,,,,,,,,unknown,,,,,
CV83535,,,A35,GL,2023,3/25/2023,SN,La Somone,L,91.46,239,77.4,,20.6,,,888,,,,,,,,unknown,,,,,
BJ01946,,,B46,GL,2023,3/27/2023,SN,La langue de Barbarie,R,94.45,234,80.2,,23.1,,,5555555888,Senegal,,La Somone,7/4/2018,AD,,SAFRING,unknown,Colour-ring B46 added,,,,
BJ02049,,,A56,GL,2023,3/27/2023,SN,La langue de Barbarie,R,91.35,241,77.7,,21.4,,,5555555888,Senegal,,La Somone,7/4/2018,AD,,SAFRING,unknown,Colour-ring A56 added,,,,
CV83536,,,A67,GR,2023,3/27/2023,SN,La langue de Barbarie,L,119.6,238,81.4,,21.5,,,5555558888,,,,,,,,unknown,,,,,
CV83537,,,A59,GR,2023,3/27/2023,SN,La langue de Barbarie,L,105.39,238,79.3,,20,,,5555555888,,,,,,,,unknown,,,,,
CV83538,,,A73,GR,2023,3/27/2023,SN,La langue de Barbarie,L,132.58,240,82.5,,21.8,,,5555555888,,,,,,,,unknown,,,,,
CV83539,,,A66,GR,2023,3/27/2023,SN,La langue de Barbarie,L,123.62,235,83,,21.7,,,5555555588,,,,,,,,unknown,,,,,
CV83540,,,A74,GR,2023,3/27/2023,SN,La langue de Barbarie,L,112.66,237,78.8,,21.9,,,5555555888,,,,,,,,unknown,,,,,
CV83541,,,A92,GR,2023,3/27/2023,SN,La langue de Barbarie,L,110.58,236,80.6,,21.6,,,5555555588,,,,,,,,unknown,,,,,
CV83542,,,A57,GL,2023,3/27/2023,SN,La langue de Barbarie,L,99,237,80.7,,20.9,,,5555555888,,,,,,,,unknown,,,,,
CV83543,,,A38,GL,2023,3/27/2023,SN,La langue de Barbarie,L,93.84,237,77.5,,19.2,,,5555555888,,,,,,,,unknown,,,,,
CV83544,,,B44,GL,2023,3/27/2023,SN,La langue de Barbarie,L,106.9,227,74.9,,20,,,5558888888,,,,,,,,unknown,,,,,
CV83545,,,B57,GL,2023,3/27/2023,SN,La langue de Barbarie,L,105.7,241,78.8,,21.5,,,5555555888,,,,,,,,unknown,,,,,
CV83546,,,A63,GL,2023,3/27/2023,SN,La langue de Barbarie,L,102.89,236,78.2,,21,,,5555555888,,,,,,,,unknown,,,,,
CV83547,,,B85,GL,2023,3/27/2023,SN,La langue de Barbarie,L,102.62,237,81.9,,21.9,,,5555555888,,,,,,,,unknown,,,,,
CV83548,,,B89,GL,2023,3/27/2023,SN,La langue de Barbarie,L,99.92,236,78.3,,20.6,,,5555555888,,,,,,,,unknown,,,,,
CV83549,,,B92,GL,2023,3/27/2023,SN,La langue de Barbarie,L,110.24,231,81.9,,20.2,,,5555555888,,,,,,,,unknown,,,,,
CV83550,,,A40,GL,2023,3/27/2023,SN,La langue de Barbarie,L,90.59,240,76.7,,21.3,,,5555555888,,,,,,,,unknown,,,,,
G0123254,,,A93,GL,2023,3/27/2023,SN,La langue de Barbarie,R,113.31,236,77.21,,19.8,,,5555555888,Azores,AZ,,,,,,AZ,,,,,
ST04019,,Right: AV/19,,,2023,3/27/2023,SN,La langue de Barbarie,R,107.74,234,77.7,,19.6,,,5555555888,Ireland,ROC,Rockabill,13/07/2011,HY,12,Steve Newton,ROC,,,,,
CV83551,,,A42,GL,2023,3/28/2023,SN,La langue de Barbarie,L,120.18,232,78.2,,21.7,,,5555555888,,,,,,,,unknown,,,,,
CV83552,,,A37,GL,2023,3/28/2023,SN,La langue de Barbarie,L,115.92,228,78.4,,21.4,,,5555555888,,,,,,,,unknown,,,,,
CV83553,,,A26,GL,2023,3/28/2023,SN,La langue de Barbarie,L,116.03,230,79.4,,20.5,,,5555555888,,,,,,,,unknown,,,,,
CV83554,,,B64,GL,2023,3/28/2023,SN,La langue de Barbarie,L,119.88,245,81.4,,21.7,,,5555555888,,,,,,,,unknown,,,,,
CV83555,,,B43,GL,2023,3/28/2023,SN,La langue de Barbarie,L,127.45,229,77.1,,20.1,,,5555555888,,,,,,,,unknown,,,,,
CV83556,,,B79,GL,2023,3/28/2023,SN,La langue de Barbarie,L,119.27,227,78.5,,20.9,,,5555548888,,,,,,,,unknown,,,,,
CV83557,,,A03,GL,2023,3/28/2023,SN,La langue de Barbarie,L,101.57,232,80.9,,21.1,,,5555555888,,,,,,,,unknown,,,,,
CV83559,,,A17,GL,2023,3/28/2023,SN,La langue de Barbarie,L,111.75,237,78.4,,21.4,,,5555555888,,,,,,,,unknown,,,,,
CV83560,,,B60,GL,2023,3/28/2023,SN,La langue de Barbarie,L,102.71,242,78.2,,21.5,,,5555888888,,,,,,,,unknown,,,,,
CV83561,,,B59,GL,2023,3/28/2023,SN,La langue de Barbarie,L,101.51,233,76.5,,19.3,,,5555555488,,,,,,,,unknown,,,,,
Ring AC,,Right: AV/ZK,B82,GL,2023,3/28/2023,SN,La langue de Barbarie,R,115.77,234,78.7,,21.1,,,5555555888,Ireland,ROC,Rockabill,11/7/2018,HY,5,Steve Newton,ROC,,,,,
CV83562,,,B63,GL,2023,3/29/2023,SN,La langue de Barbarie,L,121.95,233,78.3,,20.5,,,5555555488,,,,,,,,unknown,,,,,
CV83563,,,B78,GL,2023,3/29/2023,SN,La langue de Barbarie,L,118.86,230,80.1,,21.3,,,5555555888,,,,,,,,unknown,,,,,
CV83564,,,B37,GL,2023,3/29/2023,SN,La langue de Barbarie,L,115.74,237,77.5,,21.7,,,5555555888,,,,,,,,unknown,,,,,
CV83565,,,B83,GL,2023,3/30/2023,SN,La langue de Barbarie,L,124.84,241,76,,19.7,,,5555888888,,,,,,,,unknown,,,,,
CV83566,,,E40,GL,2023,3/30/2023,SN,La langue de Barbarie,L,124.7,233,79.7,,21.1,,,5555555588,,,,,,,,unknown,,,,,
CV83567,,,E45,GL,2023,3/30/2023,SN,La langue de Barbarie,L,129.2,242,82.3,,21.7,,,5555555888,,,,,,,,unknown,,,,,
CV83568,,,E47,GL,2023,3/30/2023,SN,La langue de Barbarie,L,126.65,238,80.7,,21.6,,,5555555888,,,,,,,,unknown,,,,,
CV83569,,,E49,GL,2023,3/30/2023,SN,La langue de Barbarie,L,120.84,241,78.9,,20.9,,,5555555888,,,,,,,,unknown,,,,,
CV83570,,,E37,GL,2023,3/30/2023,SN,La langue de Barbarie,L,138.14,236,81.4,,21.9,,,5555555888,,,,,,,,unknown,,,,,
CV83571,,,E39,GL,2023,3/30/2023,SN,La langue de Barbarie,L,113.44,239,82.4,,21.4,,,5555555888,,,,,,,,unknown,,,,,
CV83572,,,E38,GL,2023,3/30/2023,SN,La langue de Barbarie,L,125.96,235,81.7,,21.7,,,5555555888,,,,,,,,unknown,,,,,
CV83573,,,E41,GL,2023,3/30/2023,SN,La langue de Barbarie,L,122.48,237,83.2,,21.3,,,5555555888,,,,,,,,unknown,,,,,
CV83574,,,E35,GL,2023,3/30/2023,SN,La langue de Barbarie,L,121.56,242,78.7,,21.7,,,5555555888,,,,,,,,unknown,,,,,
CV83575,,,E36,GL,2023,3/30/2023,SN,La langue de Barbarie,L,113.34,229,76.4,,20.7,,,5555555888,,,,,,,,unknown,,,,,
CV83576,,,E22,GL,2023,3/30/2023,SN,La langue de Barbarie,L,107.59,245,79.8,,20.8,,,5555555588,,,,,,,,unknown,,,,,
CV83577,,,E23,GL,2023,3/30/2023,SN,La langue de Barbarie,L,99.84,240,77.9,,19.9,,,5555554888,,,,,,,,unknown,,,,,
CV83578,,,E27,GL,2023,3/30/2023,SN,La langue de Barbarie,L,105.08,238,78,,20.7,,,5555555888,,,,,,,,unknown,,,,,
CV83579,,,E29,GL,2023,3/30/2023,SN,La langue de Barbarie,L,95.38,230,77.6,,20.6,,,5555555888,,,,,,,,unknown,,,,,
CV83580,,,E65,GL,2023,3/31/2023,SN,La langue de Barbarie,L,132.5,236,81,,22.4,,,5555555588,,,,,,,,unknown,,,,,
CV83581,,,E68,GL,2023,3/31/2023,SN,La langue de Barbarie,L,127.02,243,80.6,,21.4,,,5555555888,,,,,,,,unknown,,,,,
CV83582,,,E59,GL,2023,3/31/2023,SN,La langue de Barbarie,L,125.72,237,79.3,,22.8,,,5555555588,,,,,,,,unknown,,,,,
CV83583,,,E60,GL,2023,3/31/2023,SN,La langue de Barbarie,L,128.26,227,79.5,,20.4,,,5555555588,,,,,,,,unknown,,,,,
CV83584,,,E61,GL,2023,3/31/2023,SN,La langue de Barbarie,L,119.51,238,79,,21.5,,,5555555888,,,,,,,,unknown,,,,,
CV83585,,,E63,GL,2023,3/31/2023,SN,La langue de Barbarie,L,121.06,239,77.7,,21.3,,,5555555588,,,,,,,,unknown,,,,,
CV83586,,,E58,GL,2023,3/31/2023,SN,La langue de Barbarie,L,118.18,233,81.6,,20,,,5555555588,,,,,,,,unknown,,,,,
CV83587,,,E57,GL,2023,3/31/2023,SN,La langue de Barbarie,L,119.23,230,78.9,,21.1,,,5555555888,,,,,,,,unknown,,,,,
CV83588,,,E64,GL,2023,3/31/2023,SN,La langue de Barbarie,L,107.54,236,76,,20.2,,,5555555588,,,,,,,,unknown,,,,,
CV83589,,,E52,GL,2023,3/31/2023,SN,La langue de Barbarie,L,95.37,238,76.9,,21.6,,,5555555888,,,,,,,,unknown,,,,,
CV83590,,,E54,GL,2023,3/31/2023,SN,La langue de Barbarie,L,113.07,239,76.6,,20.2,,,5555555488,,,,,,,,unknown,,,,,
ST19512,,Right: 12/BE,,,2023,3/31/2023,SN,La langue de Barbarie,R,118.81,243,83.2,,20.5,,,5555555888,Ireland,ROC,Rockabill,4/7/2012,HY,11,Steve Newton,ROC,,,,,
ST24974,,Right: 74/CW,,,2023,3/31/2023,SN,La langue de Barbarie,R,93.29,234,77.6,,20.8,,,5555553888,Ireland,ROC,Rockabill,23/06/2015,HY,8,Steve Newton,ROC,,,,,
CV83591,,,E06,GL,2023,4/1/2023,SN,La langue de Barbarie,L,120.73,242,83.3,,21,,,5555555888,,,,,,,,unknown,,,,,
CV83592,,,E00,GL,2023,4/1/2023,SN,La langue de Barbarie,L,100.89,238,80.2,,20.8,,,5555555888,,,,,,,,unknown,,,,,
CV83593,,,E11,GL,2023,4/1/2023,SN,La langue de Barbarie,L,96.11,235,79.3,,20.6,,,5555558888,,,,,,,,unknown,,,,,
CV83594,,,E14,GL,2023,4/1/2023,SN,La langue de Barbarie,L,101.12,236,81.8,,21.7,,,5555554888,,,,,,,,ROC,,(May 2023),Rockabill (Ireland),Steve Newton,
CV83596,,,E94,GL,2023,4/1/2023,SN,La langue de Barbarie,L,106.41,233,78.1,,21.9,,,5555555588,,,,,,,,unknown,,,,,
CV83597,,,E56,GL,2023,4/1/2023,SN,La langue de Barbarie,L,100.08,238,81.7,,20.4,,,5555555888,,,,,,,,unknown,,,,,
ST21115,,Right: 15/BP,,,2023,4/1/2023,SN,La langue de Barbarie,R,134.4,239,78.9,,21.6,,,5555554888,Ireland,ROC,Rockabill,28/06/2013,HY,10,Steve Newton,ROC,,,,,
ST25709,,Right: 09/DJ,,,2023,4/11/2023,SN,La Somone,R,102.45,235,79.5,,,,,5555555888,Ireland,ROC,Rockabill,29/06/2015,HY,8,Steve Newton,ROC,,,,,
,NS1,,,,2018,,,,,,,,,,,,,,,,,,,,NS,,,,,
,NS2,,,,2018,,,,,,,,,,,,,,,,,,,,NS,,,,,
,NS3,,,,2018,,,,,,,,,,,,,,,,,,,,NS,,,,,
,NS4,,,,2018,,,,,,,,,,,,,,,,,,,,NS,,,,,
,NS5,,,,2018,,,,,,,,,,,,,,,,,,,,NS,,,,,
,NS6,,,,2018,,,,,,,,,,,,,,,,,,,,NS,,,,,
,NS7,,,,2018,,,,,,,,,,,,,,,,,,,,NS,,,,,
,NS8,,,,2018,,,,,,,,,,,,,,,,,,,,NS,,,,,
,NS9,,,,2018,,,,,,,,,,,,,,,,,,,,NS,,,,,
,NS10,,,,2018,,,,,,,,,,,,,,,,,,,,NS,,,,,
,NS11,,,,2018,,,,,,,,,,,,,,,,,,,,NS,,,,,
,NS12,,,,2018,,,,,,,,,,,,,,,,,,,,NS,,,,,
,NS13,,,,2018,,,,,,,,,,,,,,,,,,,,NS,,,,,
,NS14,,,,2018,,,,,,,,,,,,,,,,,,,,NS,,,,,
,NS15,,,,2018,,,,,,,,,,,,,,,,,,,,NS,,,,,
,NS16,,,,2018,,,,,,,,,,,,,,,,,,,,NS,,,,,
,NS17,,,,2018,,,,,,,,,,,,,,,,,,,,NS,,,,,
,NS18,,,,2018,,,,,,,,,,,,,,,,,,,,NS,,,,,
,NS19,,,,2018,,,,,,,,,,,,,,,,,,,,NS,,,,,
,NS20,,,,2018,,,,,,,,,,,,,,,,,,,,NS,,,,,
,NS21,,,,2018,,,,,,,,,,,,,,,,,,,,NS,,,,,
,NS22,,,,2018,,,,,,,,,,,,,,,,,,,,NS,,,,,
,NS23,,,,2018,,,,,,,,,,,,,,,,,,,,NS,,,,,
,NS24,,,,2018,,,,,,,,,,,,,,,,,,,,NS,,,,,
,RM01,,,,2016,,,,,,,,,,,,,,,,,,,,MA,,,,,
,RM02,,,,2016,,,,,,,,,,,,,,,,,,,,MA,,,,,
,RM03,,,,2016,,,,,,,,,,,,,,,,,,,,MA,,,,,
,RM04,,,,2016,,,,,,,,,,,,,,,,,,,,MA,,,,,
,RM05,,,,2016,,,,,,,,,,,,,,,,,,,,MA,,,,,
,RM06,,,,2016,,,,,,,,,,,,,,,,,,,,MA,,,,,
,RM07,,,,2016,,,,,,,,,,,,,,,,,,,,MA,,,,,
,RM08,,,,2016,,,,,,,,,,,,,,,,,,,,MA,,,,,
,RM09,,,,2016,,,,,,,,,,,,,,,,,,,,MA,,,,,
,RM10,,,,2016,,,,,,,,,,,,,,,,,,,,MA,,,,,
,RM11,,,,2016,,,,,,,,,,,,,,,,,,,,MA,,,,,
,RM12,,,,2016,,,,,,,,,,,,,,,,,,,,MA,,,,,
,RM13,,,,2016,,,,,,,,,,,,,,,,,,,,MA,,,,,
,RM14,,,,2016,,,,,,,,,,,,,,,,,,,,MA,,,,,
,RM15,,,,2016,,,,,,,,,,,,,,,,,,,,MA,,,,,
,RM16,,,,2016,,,,,,,,,,,,,,,,,,,,MA,,,,,
,RM17,,,,2016,,,,,,,,,,,,,,,,,,,,MA,,,,,
,RM18,,,,2016,,,,,,,,,,,,,,,,,,,,MA,,,,,
,RM19,,,,2016,,,,,,,,,,,,,,,,,,,,MA,,,,,
,RM20,,,,2016,,,,,,,,,,,,,,,,,,,,MA,,,,,
,RM21,,,,2016,,,,,,,,,,,,,,,,,,,,MA,,,,,
,RM22,,,,2016,,,,,,,,,,,,,,,,,,,,MA,,,,,
,RM23,,,,2016,,,,,,,,,,,,,,,,,,,,MA,,,,,
,RM24,,,,2016,,,,,,,,,,,,,,,,,,,,MA,,,,,
,RM25,,,,2016,,,,,,,,,,,,,,,,,,,,MA,,,,,
,RM26,,,,2016,,,,,,,,,,,,,,,,,,,,MA,,,,,
,RM27,,,,2016,,,,,,,,,,,,,,,,,,,,MA,,,,,
,RM28,,,,2016,,,,,,,,,,,,,,,,,,,,MA,,,,,
,RM29,,,,2016,,,,,,,,,,,,,,,,,,,,MA,,,,,
,RM30,,,,2016,,,,,,,,,,,,,,,,,,,,MA,,,,,
,RM31,,,,2016,,,,,,,,,,,,,,,,,,,,MA,,,,,
,RM32,,,,2016,,,,,,,,,,,,,,,,,,,,MA,,,,,
,BI01,,,,1997,,,,,,,,,,,,,,,,,,,,MA,,,,,
,BI02,,,,1997,,,,,,,,,,,,,,,,,,,,MA,,,,,
,BI03,,,,1997,,,,,,,,,,,,,,,,,,,,MA,,,,,
,BI04,,,,1997,,,,,,,,,,,,,,,,,,,,MA,,,,,
,BI05,,,,1997,,,,,,,,,,,,,,,,,,,,MA,,,,,
,BI06,,,,1997,,,,,,,,,,,,,,,,,,,,MA,,,,,
,BI07,,,,1997,,,,,,,,,,,,,,,,,,,,MA,,,,,
,BI08,,,,1997,,,,,,,,,,,,,,,,,,,,MA,,,,,
,BI09,,,,1997,,,,,,,,,,,,,,,,,,,,MA,,,,,
,BI10,,,,1997,,,,,,,,,,,,,,,,,,,,MA,,,,,
,BI11,,,,1997,,,,,,,,,,,,,,,,,,,,MA,,,,,
,BI12,,,,1997,,,,,,,,,,,,,,,,,,,,MA,,,,,
,BI13,,,,1997,,,,,,,,,,,,,,,,,,,,MA,,,,,
,BI14,,,,1997,,,,,,,,,,,,,,,,,,,,MA,,,,,
,BI15,,,,1997,,,,,,,,,,,,,,,,,,,,MA,,,,,
,BI16,,,,1997,,,,,,,,,,,,,,,,,,,,MA,,,,,
,BI17,,,,1997,,,,,,,,,,,,,,,,,,,,MA,,,,,
,BI18,,,,1997,,,,,,,,,,,,,,,,,,,,MA,,,,,
,BI19,,,,1997,,,,,,,,,,,,,,,,,,,,MA,,,,,
,BI20,,,,1997,,,,,,,,,,,,,,,,,,,,MA,,,,,
,BI21,,,,1997,,,,,,,,,,,,,,,,,,,,MA,,,,,
,BI22,,,,1997,,,,,,,,,,,,,,,,,,,,MA,,,,,
,BI23,,,,1997,,,,,,,,,,,,,,,,,,,,MA,,,,,
,BI24,,,,1997,,,,,,,,,,,,,,,,,,,,MA,,,,,
,BI25,,,,1997,,,,,,,,,,,,,,,,,,,,MA,,,,,
,BI26,,,,1997,,,,,,,,,,,,,,,,,,,,MA,,,,,
,BI27,,,,1997,,,,,,,,,,,,,,,,,,,,MA,,,,,
,BI28,,,,1997,,,,,,,,,,,,,,,,,,,,MA,,,,,
,BI29,,,,1997,,,,,,,,,,,,,,,,,,,,MA,,,,,
,BI30,,,,1997,,,,,,,,,,,,,,,,,,,,MA,,,,,
,BI31,,,,1997,,,,,,,,,,,,,,,,,,,,MA,,,,,
,BI32,,,,1997,,,,,,,,,,,,,,,,,,,,MA,,,,,
,B76_nh,,,,2023,,US,Seavey Island,,,,,,,,,,,,,,,,,NH,,,,,
,SA6,,,,2023,,US,Seavey Island,,,,,,,,,,,,,,,,,NH,,,,,
,SA9,,,,2023,,US,Seavey Island,,,,,,,,,,,,,,,,,NH,,,,,
,SB2,,,,2023,,US,Seavey Island,,,,,,,,,,,,,,,,,NH,,,,,
,SB3,,,,2023,,US,Seavey Island,,,,,,,,,,,,,,,,,NH,,,,,
,SC6,,,,2023,,US,Seavey Island,,,,,,,,,,,,,,,,,NH,,,,,
,SC8,,,,2023,,US,Seavey Island,,,,,,,,,,,,,,,,,NH,,,,,
,SD0,,,,2023,,US,Seavey Island,,,,,,,,,,,,,,,,,NH,,,,,
,SD5,,,,2023,,US,Seavey Island,,,,,,,,,,,,,,,,,NH,,,,,
,SE6,,,,2023,,US,Seavey Island,,,,,,,,,,,,,,,,,NH,,,,,
,SH3,,,,2023,,US,Seavey Island,,,,,,,,,,,,,,,,,NH,,,,,
,SH9,,,,2023,,US,Seavey Island,,,,,,,,,,,,,,,,,NH,,,,,
,SJ5,,,,2023,,US,Seavey Island,,,,,,,,,,,,,,,,,NH,,,,,
,SJ8,,,,2023,,US,Seavey Island,,,,,,,,,,,,,,,,,NH,,,,,
,SK1,,,,2023,,US,Seavey Island,,,,,,,,,,,,,,,,,NH,,,,,
,SK3,,,,2023,,US,Seavey Island,,,,,,,,,,,,,,,,,NH,,,,,
,SK9,,,,2023,,US,Seavey Island,,,,,,,,,,,,,,,,,NH,,,,,
,SL1,,,,2023,,US,Seavey Island,,,,,,,,,,,,,,,,,NH,,,,,
,SL3,,,,2023,,US,Seavey Island,,,,,,,,,,,,,,,,,NH,,,,,
,SL7,,,,2023,,US,Seavey Island,,,,,,,,,,,,,,,,,NH,,,,,
,SM3,,,,2023,,US,Seavey Island,,,,,,,,,,,,,,,,,NH,,,,,
,SM4,,,,2023,,US,Seavey Island,,,,,,,,,,,,,,,,,NH,,,,,
,SM5,,,,2023,,US,Seavey Island,,,,,,,,,,,,,,,,,NH,,,,,
,SM7,,,,2023,,US,Seavey Island,,,,,,,,,,,,,,,,,NH,,,,,
,SR5,,,,2023,,US,Seavey Island,,,,,,,,,,,,,,,,,NH,,,,,